{"cameraMode":{"drawMode":0,"name":"Shaded","section":"Shading Mode"},"sceneLighting":false,"audioPlay":false,"sceneViewState":{"showFog":true,"showMaterialUpdate":false,"showSkybox":false,"showFlares":true,"showImageEffects":true,"showParticleSystems":true},"in2DMode":false,"pivot":{"x":1.292842984199524,"y":0.27249103784561159,"z":-0.07080721855163574},"rotation":{"x":-0.13315142691135407,"y":-0.061804693192243579,"z":0.008319932036101818,"w":-0.9891341328620911},"size":3.665304183959961,"orthographic":false}