{"cameraMode":{"drawMode":0,"name":"Shaded","section":"Shading Mode"},"sceneLighting":false,"audioPlay":false,"sceneViewState":{"showFog":true,"showMaterialUpdate":false,"showSkybox":false,"showFlares":true,"showImageEffects":true,"showParticleSystems":true},"in2DMode":false,"pivot":{"x":0.7113687992095947,"y":-0.2091280072927475,"z":-0.15163207054138184},"rotation":{"x":-0.11759226769208908,"y":-0.702375054359436,"z":0.11932183802127838,"w":-0.6919029355049133},"size":3.4800262451171877,"orthographic":false}